{
  "spec/requests/sidekiq_requests_spec.rb": 0.6761798858642578,
  "spec/workers/facebook_feed_worker_spec.rb": 0.01098942756652832,
  "spec/routing/users_routing_spec.rb": 0.0033779144287109375,
  "spec/models/authentication_spec.rb": 0.14338445663452148,
  "spec/requests/active_admin_requests_spec.rb": 0.3276941776275635,
  "spec/controllers/application_controller_spec.rb": 0.3123645782470703,
  "spec/controllers/user_settings_controller_spec.rb": 0.2453620433807373,
  "spec/controllers/home_controller_spec.rb": 0.01648855209350586,
  "spec/controllers/cancel_accounts_controller_spec.rb": 0.18388772010803223,
  "spec/views/home/index.html.haml_spec.rb": 0.010757684707641602,
  "spec/repositories/user_repository_spec.rb": 0.01261448860168457,
  "spec/controllers/pages_controller_spec.rb": 0.029015779495239258,
  "spec/models/newsletter_spec.rb": 0.1900477409362793,
  "spec/mailers/newsletter_mailer_spec.rb": 0.06027507781982422,
  "spec/routing/root_routing_spec.rb": 0.08621335029602051,
  "spec/uploaders/avatar_uploader_spec.rb": 0.9488048553466797,
  "spec/repositories/authentication_repository_spec.rb": 0.004879951477050781,
  "spec/features/active_admin_features_spec.rb": 7.5263988971710205,
  "spec/services/authentication_service_spec.rb": 0.2768058776855469,
  "spec/features/railstom_features_spec.rb": 30.68920135498047,
  "spec/services/newsletter_service_spec.rb": 0.9312160015106201,
  "spec/routing/pages_routing_spec.rb": 0.0261380672454834,
  "spec/routing/cancel_accounts_routing_spec.rb": 0.026681900024414062,
  "spec/workers/newsletter_worker_spec.rb": 0.07460999488830566,
  "spec/routing/templates_routing_spec.rb": 0.014575719833374023,
  "spec/lib/autoload/locale_spec.rb": 0.04190373420715332,
  "spec/routing/locale_pages_routing_spec.rb": 0.0433809757232666,
  "spec/controllers/registrations_controller_spec.rb": 0.4405481815338135,
  "spec/models/user_spec.rb": 4.936438798904419,
  "spec/services/generator_service_spec.rb": 0.09553837776184082,
  "spec/services/user_service_spec.rb": 0.0667731761932373,
  "spec/controllers/omniauth_callbacks_controller_spec.rb": 1.5761346817016602,
  "spec/controllers/templates_controller_spec.rb": 0.039507389068603516,
  "spec/helpers/application_helper_spec.rb": 0.1370713710784912
}