{
  "spec/mailers/newsletter_mailer_spec.rb": 0.4359748363494873,
  "spec/lib/autoload/locale_spec.rb": 0.022060155868530273,
  "spec/controllers/cancel_accounts_controller_spec.rb": 0.348095178604126,
  "spec/models/user_spec.rb": 0.8583483695983887,
  "spec/routing/templates_routing_spec.rb": 0.016907930374145508,
  "spec/services/newsletter_service_spec.rb": 0.29549360275268555,
  "spec/routing/pages_routing_spec.rb": 0.004919290542602539,
  "spec/repositories/user_repository_spec.rb": 0.013382673263549805,
  "spec/uploaders/avatar_uploader_spec.rb": 0.4824562072753906,
  "spec/models/authentication_spec.rb": 0.11027789115905762,
  "spec/controllers/home_controller_spec.rb": 0.02869105339050293,
  "spec/routing/users_routing_spec.rb": 0.0022339820861816406,
  "spec/routing/root_routing_spec.rb": 0.09637999534606934,
  "spec/views/home/index.html.haml_spec.rb": 0.013631105422973633,
  "spec/requests/sidekiq_requests_spec.rb": 0.6636440753936768,
  "spec/controllers/application_controller_spec.rb": 0.5085091590881348,
  "spec/routing/cancel_accounts_routing_spec.rb": 0.016553163528442383,
  "spec/helpers/application_helper_spec.rb": 0.017927169799804688,
  "spec/workers/newsletter_worker_spec.rb": 0.011677026748657227,
  "spec/controllers/user_settings_controller_spec.rb": 0.29526805877685547,
  "spec/features/railstom_features_spec.rb": 16.572484493255615,
  "spec/repositories/authentication_repository_spec.rb": 0.04087495803833008,
  "spec/routing/locale_pages_routing_spec.rb": 0.036277055740356445,
  "spec/services/authentication_service_spec.rb": 0.2251596450805664,
  "spec/services/generator_service_spec.rb": 0.055910348892211914,
  "spec/controllers/pages_controller_spec.rb": 0.07499504089355469,
  "spec/services/user_service_spec.rb": 0.043030738830566406,
  "spec/workers/facebook_feed_worker_spec.rb": 0.038727760314941406,
  "spec/models/newsletter_spec.rb": 0.3335855007171631,
  "spec/features/active_admin_features_spec.rb": 4.571200847625732,
  "spec/requests/active_admin_requests_spec.rb": 0.1813795566558838,
  "spec/controllers/templates_controller_spec.rb": 0.035262107849121094,
  "spec/controllers/omniauth_callbacks_controller_spec.rb": 0.6503772735595703,
  "spec/controllers/registrations_controller_spec.rb": 0.33250951766967773
}